{
  "test/integration/pages/RisksList-dbg.js": 1740390941282,
  "xs-app.json": 1740483626026,
  "test/integration/pages/RisksList.js": 1740390941282,
  "test/integration/opaTests.qunit.js": 1740390941258,
  "test/integration/FirstJourney.js": 1740390941314,
  "test/testsuite.qunit.js": 1740390941246,
  "test/integration/pages/RisksObjectPage.js": 1740390941282,
  "manifest.json": 1740482073262,
  "Component.js": 1740390941138,
  "Component-dbg.js": 1740390941138,
  "Component.js.map": 1740483634019,
  "test/integration/opaTests.qunit-dbg.js": 1740390941258,
  "test/integration/opaTests.qunit.js.map": 1740483634018,
  "test/integration/FirstJourney-dbg.js": 1740390941314,
  "test/integration/FirstJourney.js.map": 1740483634028,
  "test/testsuite.qunit-dbg.js": 1740390941246,
  "test/testsuite.qunit.js.map": 1740483634019,
  "test/integration/pages/RisksObjectPage-dbg.js": 1740390941282,
  "test/integration/pages/RisksObjectPage.js.map": 1740483634020,
  "i18n/i18n.properties": 1740390965790,
  "test/integration/pages/RisksList.js.map": 1740483634021,
  "Component-preload.js": 1740483634210,
  "Component-preload.js.map": 1740483634210,
  "test/integration/opaTests.qunit.html": 1740390941258,
  "test/testsuite.qunit.html": 1740390941230,
  "test/flpSandbox.html": 1740390941230,
  "index.html": 1740390941138
}